[{"model": "auth.user", "pk": 1, "fields": {"password": "pbkdf2_sha256$260000$cIJSx33wHOwAjSnjWbXE1m$2ZMdxd5KNBucb3llYc+pR9EAOE/REunc7n8xtT81P+A=", "last_login": "2022-04-03T09:36:35.531Z", "is_superuser": true, "username": "admin", "first_name": "", "last_name": "", "email": "admin@example.com", "is_staff": true, "is_active": true, "date_joined": "2022-04-03T09:34:27.599Z", "groups": [], "user_permissions": []}}, {"model": "auth.user", "pk": 2, "fields": {"password": "pbkdf2_sha256$260000$4toD7YQ8dNWy95Wrw5Xa1q$KfmDcAh95AMCQN9NXYzRxPAnJWt89a2+tO/HSHOZAFQ=", "last_login": null, "is_superuser": false, "username": "john", "first_name": "John", "last_name": "Smith", "email": "john@example.com", "is_staff": false, "is_active": true, "date_joined": "2022-04-03T09:36:59Z", "groups": [], "user_permissions": []}}, {"model": "auth.user", "pk": 3, "fields": {"password": "pbkdf2_sha256$260000$uvKIvPccT71L2j6B8pv8Y9$5/8T8A0porGAa2LKpk/GHd81J9R3lgWoqVDBwxMjkuI=", "last_login": null, "is_superuser": false, "username": "jane", "first_name": "Jane", "last_name": "Doe", "email": "jane@example.com", "is_staff": false, "is_active": true, "date_joined": "2022-04-03T09:37:37Z", "groups": [], "user_permissions": []}}, {"model": "auth.user", "pk": 4, "fields": {"password": "pbkdf2_sha256$260000$MS9Xz80STwar5rO54T0hWf$AdnoQebdDbjFmFbA0oUz1Ge/Jx5fXPiewzwnIvDUa4A=", "last_login": null, "is_superuser": false, "username": "emperor", "first_name": "Emperor", "last_name": "Palpatine", "email": "sidious@example.com", "is_staff": false, "is_active": true, "date_joined": "2022-04-03T09:38:13Z", "groups": [], "user_permissions": []}}, {"model": "budgets.budget", "pk": "00cfdf74-1263-47cd-89b2-b99b50f1947b", "fields": {"owner": 3, "name": "Budget number 1"}}, {"model": "budgets.budget", "pk": "22e8519f-1800-4f62-a582-53c0c495d2b3", "fields": {"owner": 3, "name": "Budget number 0"}}, {"model": "budgets.budget", "pk": "26224e1a-e22a-420e-82d5-eba46dddc558", "fields": {"owner": 2, "name": "Budget number 0"}}, {"model": "budgets.budget", "pk": "3d464a03-ab5c-4f7b-89e3-d425a1a56cc6", "fields": {"owner": 2, "name": "Budget number 1"}}, {"model": "budgets.budget", "pk": "442e4920-fe12-44e2-ab3f-181fa5d38182", "fields": {"owner": 4, "name": "Budget number 4"}}, {"model": "budgets.budget", "pk": "4a0fd165-3df7-4a7b-bf4a-5a87d85cf3c1", "fields": {"owner": 4, "name": "Budget number 3"}}, {"model": "budgets.budget", "pk": "58a10fbf-2ec4-4bc6-84dd-1bd54d48b390", "fields": {"owner": 2, "name": "Budget number 2"}}, {"model": "budgets.budget", "pk": "58da52ad-c72b-4930-8724-c5c1f7d67bd2", "fields": {"owner": 2, "name": "Trip"}}, {"model": "budgets.budget", "pk": "5d0f25ac-f9b1-4a9f-a66b-cbe71529c62c", "fields": {"owner": 4, "name": "Coruscant"}}, {"model": "budgets.budget", "pk": "67ae9b02-8257-4014-8f4c-6fcc85dfd2d3", "fields": {"owner": 2, "name": "Budget number 3"}}, {"model": "budgets.budget", "pk": "6ee04bdc-7241-4abb-b638-32c6c0b9c35e", "fields": {"owner": 3, "name": "Budget number 4"}}, {"model": "budgets.budget", "pk": "74e41395-4593-4121-8847-5c6b0f2f35b2", "fields": {"owner": 3, "name": "Budget number 2"}}, {"model": "budgets.budget", "pk": "8d44af7b-d114-4419-991a-87f160f4910b", "fields": {"owner": 2, "name": "Budget number 4"}}, {"model": "budgets.budget", "pk": "8d8e986c-266a-4bb1-80d3-a2de22e713f4", "fields": {"owner": 4, "name": "Budget number 0"}}, {"model": "budgets.budget", "pk": "a1921226-e731-4588-b852-14517a93e159", "fields": {"owner": 3, "name": "Budget number 3"}}, {"model": "budgets.budget", "pk": "acb91861-db99-40b1-8a31-4c413d449c84", "fields": {"owner": 4, "name": "Budget number 1"}}, {"model": "budgets.budget", "pk": "bd9f65ac-2ef9-45b6-8941-7caabc0a884f", "fields": {"owner": 4, "name": "Budget number 2"}}, {"model": "budgets.budget", "pk": "e239fee0-5cde-4f0b-b38d-ff193ed544d0", "fields": {"owner": 3, "name": "Home"}}, {"model": "budgets.expense", "pk": "0036798e-da0f-4ddf-9f2a-194f801481ca", "fields": {"budget": "3d464a03-ab5c-4f7b-89e3-d425a1a56cc6", "category": "223510a1-28ba-4d57-a040-0a7922bfae4b", "name": "Expense number 2", "amount": "1002.00"}}, {"model": "budgets.expense", "pk": "03cd3bfc-be6e-44c8-b61d-ccf98afc606b", "fields": {"budget": "58da52ad-c72b-4930-8724-c5c1f7d67bd2", "category": "6857d645-73aa-48e1-a048-e8151575bba7", "name": "Gasoline", "amount": "1000.00"}}, {"model": "budgets.expense", "pk": "09ef8372-6593-4e05-ab0f-413638901cd3", "fields": {"budget": "442e4920-fe12-44e2-ab3f-181fa5d38182", "category": "223510a1-28ba-4d57-a040-0a7922bfae4b", "name": "Expense number 2", "amount": "1002.00"}}, {"model": "budgets.expense", "pk": "0f86469c-27c0-4a7b-bcaf-dd0cc9830b6f", "fields": {"budget": "acb91861-db99-40b1-8a31-4c413d449c84", "category": "106ffa8b-4059-487e-8d4f-960ac65822d1", "name": "Expense number 2", "amount": "1002.00"}}, {"model": "budgets.expense", "pk": "10bcf989-8acc-4029-82d1-8353beb90a17", "fields": {"budget": "26224e1a-e22a-420e-82d5-eba46dddc558", "category": "eef844d4-d63a-4a44-9b5d-3c3248d0991d", "name": "Expense number 2", "amount": "1002.00"}}, {"model": "budgets.expense", "pk": "15cc111b-a759-4f9d-b4bf-79bb7bd5afb9", "fields": {"budget": "5d0f25ac-f9b1-4a9f-a66b-cbe71529c62c", "category": "6857d645-73aa-48e1-a048-e8151575bba7", "name": "Shuttle", "amount": "200000.00"}}, {"model": "budgets.expense", "pk": "1d23da23-33ab-47d0-94a5-c74f9fe73c01", "fields": {"budget": "3d464a03-ab5c-4f7b-89e3-d425a1a56cc6", "category": "106ffa8b-4059-487e-8d4f-960ac65822d1", "name": "Expense number 2", "amount": "1002.00"}}, {"model": "budgets.expense", "pk": "1fe84da6-b4d7-4617-a19b-74abdf3abc1e", "fields": {"budget": "4a0fd165-3df7-4a7b-bf4a-5a87d85cf3c1", "category": "106ffa8b-4059-487e-8d4f-960ac65822d1", "name": "Expense number 2", "amount": "1002.00"}}, {"model": "budgets.expense", "pk": "205f4260-a42f-43d2-be43-a21acd8976f0", "fields": {"budget": "442e4920-fe12-44e2-ab3f-181fa5d38182", "category": "25ca937e-f27f-4017-968c-a2ad773574f7", "name": "Expense number 2", "amount": "1002.00"}}, {"model": "budgets.expense", "pk": "2703491b-919d-4ebd-8174-c141d704ccae", "fields": {"budget": "67ae9b02-8257-4014-8f4c-6fcc85dfd2d3", "category": "eef844d4-d63a-4a44-9b5d-3c3248d0991d", "name": "Expense number 2", "amount": "1002.00"}}, {"model": "budgets.expense", "pk": "2a4e0082-059d-463a-9a22-9237a9151690", "fields": {"budget": "22e8519f-1800-4f62-a582-53c0c495d2b3", "category": "eef844d4-d63a-4a44-9b5d-3c3248d0991d", "name": "Expense number 2", "amount": "1002.00"}}, {"model": "budgets.expense", "pk": "306c7a34-858f-413f-98b7-8ec6deaa1fa0", "fields": {"budget": "67ae9b02-8257-4014-8f4c-6fcc85dfd2d3", "category": "106ffa8b-4059-487e-8d4f-960ac65822d1", "name": "Expense number 2", "amount": "1002.00"}}, {"model": "budgets.expense", "pk": "30c0dee0-7c0f-4476-ad89-a2e3e46dc4c8", "fields": {"budget": "a1921226-e731-4588-b852-14517a93e159", "category": "106ffa8b-4059-487e-8d4f-960ac65822d1", "name": "Expense number 2", "amount": "1002.00"}}, {"model": "budgets.expense", "pk": "30c3077d-fc52-429e-b9a1-3c641fe9dbb3", "fields": {"budget": "67ae9b02-8257-4014-8f4c-6fcc85dfd2d3", "category": "223510a1-28ba-4d57-a040-0a7922bfae4b", "name": "Expense number 2", "amount": "1002.00"}}, {"model": "budgets.expense", "pk": "32178d08-a756-459a-b4d4-4bf67e22d18e", "fields": {"budget": "67ae9b02-8257-4014-8f4c-6fcc85dfd2d3", "category": "25ca937e-f27f-4017-968c-a2ad773574f7", "name": "Expense number 2", "amount": "1002.00"}}, {"model": "budgets.expense", "pk": "327b7246-7530-4aeb-98b0-28856389dd4a", "fields": {"budget": "00cfdf74-1263-47cd-89b2-b99b50f1947b", "category": "25ca937e-f27f-4017-968c-a2ad773574f7", "name": "Expense number 2", "amount": "1002.00"}}, {"model": "budgets.expense", "pk": "3361c353-8933-47e3-ad31-a82ffa17eba3", "fields": {"budget": "3d464a03-ab5c-4f7b-89e3-d425a1a56cc6", "category": "25ca937e-f27f-4017-968c-a2ad773574f7", "name": "Expense number 2", "amount": "1002.00"}}, {"model": "budgets.expense", "pk": "34b73890-5a46-4e28-a169-45fc103f1d84", "fields": {"budget": "a1921226-e731-4588-b852-14517a93e159", "category": "eef844d4-d63a-4a44-9b5d-3c3248d0991d", "name": "Expense number 2", "amount": "1002.00"}}, {"model": "budgets.expense", "pk": "3700dc08-edda-477c-aab2-65b70d2a95bc", "fields": {"budget": "5d0f25ac-f9b1-4a9f-a66b-cbe71529c62c", "category": "8ecbb4df-ab95-46d4-9022-1bf9b2f7e68a", "name": "Tarkin", "amount": "30000.00"}}, {"model": "budgets.expense", "pk": "3a72f842-734c-4945-942a-733d27b7ee06", "fields": {"budget": "8d8e986c-266a-4bb1-80d3-a2de22e713f4", "category": "25ca937e-f27f-4017-968c-a2ad773574f7", "name": "Expense number 2", "amount": "1002.00"}}, {"model": "budgets.expense", "pk": "3ab5ba5f-1c02-4b9f-bbce-81a4b522cb55", "fields": {"budget": "74e41395-4593-4121-8847-5c6b0f2f35b2", "category": "25ca937e-f27f-4017-968c-a2ad773574f7", "name": "Expense number 2", "amount": "1002.00"}}, {"model": "budgets.expense", "pk": "3c115e9f-6110-41a9-8466-8846b1d90ace", "fields": {"budget": "5d0f25ac-f9b1-4a9f-a66b-cbe71529c62c", "category": "8ecbb4df-ab95-46d4-9022-1bf9b2f7e68a", "name": "Vader", "amount": "50000.00"}}, {"model": "budgets.expense", "pk": "3f1a48b2-e350-4f03-b27f-7d788574cbe7", "fields": {"budget": "442e4920-fe12-44e2-ab3f-181fa5d38182", "category": "106ffa8b-4059-487e-8d4f-960ac65822d1", "name": "Expense number 2", "amount": "1002.00"}}, {"model": "budgets.expense", "pk": "40dce28d-aa5c-471e-97d9-f83d3044caeb", "fields": {"budget": "4a0fd165-3df7-4a7b-bf4a-5a87d85cf3c1", "category": "eef844d4-d63a-4a44-9b5d-3c3248d0991d", "name": "Expense number 2", "amount": "1002.00"}}, {"model": "budgets.expense", "pk": "4bc8cecd-50db-4834-be41-9766f3dda97f", "fields": {"budget": "58a10fbf-2ec4-4bc6-84dd-1bd54d48b390", "category": "106ffa8b-4059-487e-8d4f-960ac65822d1", "name": "Expense number 2", "amount": "1002.00"}}, {"model": "budgets.expense", "pk": "4e6bc5e3-f610-4a4b-be6f-3c8854bdc35e", "fields": {"budget": "acb91861-db99-40b1-8a31-4c413d449c84", "category": "eef844d4-d63a-4a44-9b5d-3c3248d0991d", "name": "Expense number 2", "amount": "1002.00"}}, {"model": "budgets.expense", "pk": "505fe679-bfa3-4f54-ab08-fe69734cd3c6", "fields": {"budget": "e239fee0-5cde-4f0b-b38d-ff193ed544d0", "category": "61ee42fb-b36f-454c-ae47-e6b881d879bb", "name": "Internet", "amount": "10000.00"}}, {"model": "budgets.expense", "pk": "519def38-7493-4aa1-8330-9dadd19066d6", "fields": {"budget": "22e8519f-1800-4f62-a582-53c0c495d2b3", "category": "223510a1-28ba-4d57-a040-0a7922bfae4b", "name": "Expense number 2", "amount": "1002.00"}}, {"model": "budgets.expense", "pk": "56a4c5a4-c1a2-4350-bfa5-b2c6c1f09ed2", "fields": {"budget": "e239fee0-5cde-4f0b-b38d-ff193ed544d0", "category": "008edaf6-a4ea-4d1f-ac46-ae71090d1a5f", "name": "Bread", "amount": "100.00"}}, {"model": "budgets.expense", "pk": "5b58b600-b89d-46c7-9c6f-ac2b6056981d", "fields": {"budget": "00cfdf74-1263-47cd-89b2-b99b50f1947b", "category": "eef844d4-d63a-4a44-9b5d-3c3248d0991d", "name": "Expense number 2", "amount": "1002.00"}}, {"model": "budgets.expense", "pk": "5e94d8ca-7c26-43cb-9ca4-be6ae4f80de2", "fields": {"budget": "22e8519f-1800-4f62-a582-53c0c495d2b3", "category": "106ffa8b-4059-487e-8d4f-960ac65822d1", "name": "Expense number 2", "amount": "1002.00"}}, {"model": "budgets.expense", "pk": "624fcebb-37a5-4ce5-bde4-95a72a361330", "fields": {"budget": "6ee04bdc-7241-4abb-b638-32c6c0b9c35e", "category": "eef844d4-d63a-4a44-9b5d-3c3248d0991d", "name": "Expense number 2", "amount": "1002.00"}}, {"model": "budgets.expense", "pk": "627d95e0-5c52-41a0-9fcd-0fe200dc619b", "fields": {"budget": "58a10fbf-2ec4-4bc6-84dd-1bd54d48b390", "category": "eef844d4-d63a-4a44-9b5d-3c3248d0991d", "name": "Expense number 2", "amount": "1002.00"}}, {"model": "budgets.expense", "pk": "63732382-7788-4489-b79a-0f8c790f1d6a", "fields": {"budget": "8d8e986c-266a-4bb1-80d3-a2de22e713f4", "category": "106ffa8b-4059-487e-8d4f-960ac65822d1", "name": "Expense number 2", "amount": "1002.00"}}, {"model": "budgets.expense", "pk": "64c895b4-97f3-444b-a328-77f5399b4e10", "fields": {"budget": "acb91861-db99-40b1-8a31-4c413d449c84", "category": "223510a1-28ba-4d57-a040-0a7922bfae4b", "name": "Expense number 2", "amount": "1002.00"}}, {"model": "budgets.expense", "pk": "6615e5bf-ebd2-4110-aafd-a1f5d722fa2b", "fields": {"budget": "58a10fbf-2ec4-4bc6-84dd-1bd54d48b390", "category": "223510a1-28ba-4d57-a040-0a7922bfae4b", "name": "Expense number 2", "amount": "1002.00"}}, {"model": "budgets.expense", "pk": "68959868-b2ac-4180-8ec5-cf052f5d93e9", "fields": {"budget": "6ee04bdc-7241-4abb-b638-32c6c0b9c35e", "category": "25ca937e-f27f-4017-968c-a2ad773574f7", "name": "Expense number 2", "amount": "1002.00"}}, {"model": "budgets.expense", "pk": "6969c165-89e9-4ca0-b018-e220a36c7044", "fields": {"budget": "bd9f65ac-2ef9-45b6-8941-7caabc0a884f", "category": "25ca937e-f27f-4017-968c-a2ad773574f7", "name": "Expense number 2", "amount": "1002.00"}}, {"model": "budgets.expense", "pk": "6e459a39-6801-4c46-b082-fdaf84c0c050", "fields": {"budget": "e239fee0-5cde-4f0b-b38d-ff193ed544d0", "category": "008edaf6-a4ea-4d1f-ac46-ae71090d1a5f", "name": "Vegetables", "amount": "2000.00"}}, {"model": "budgets.expense", "pk": "711f8303-60ea-462c-baa7-d4ba5810b21c", "fields": {"budget": "a1921226-e731-4588-b852-14517a93e159", "category": "25ca937e-f27f-4017-968c-a2ad773574f7", "name": "Expense number 2", "amount": "1002.00"}}, {"model": "budgets.expense", "pk": "766d9450-4312-426f-abe9-23f11e477fc0", "fields": {"budget": "acb91861-db99-40b1-8a31-4c413d449c84", "category": "25ca937e-f27f-4017-968c-a2ad773574f7", "name": "Expense number 2", "amount": "1002.00"}}, {"model": "budgets.expense", "pk": "81d7cc81-45e1-4fbe-8a87-797cefe26d3e", "fields": {"budget": "8d44af7b-d114-4419-991a-87f160f4910b", "category": "25ca937e-f27f-4017-968c-a2ad773574f7", "name": "Expense number 2", "amount": "1002.00"}}, {"model": "budgets.expense", "pk": "83f0b6f5-db1f-4353-b2ea-abe1286995d7", "fields": {"budget": "74e41395-4593-4121-8847-5c6b0f2f35b2", "category": "223510a1-28ba-4d57-a040-0a7922bfae4b", "name": "Expense number 2", "amount": "1002.00"}}, {"model": "budgets.expense", "pk": "850ea86f-ada8-464c-a0a4-249228c011c4", "fields": {"budget": "8d44af7b-d114-4419-991a-87f160f4910b", "category": "eef844d4-d63a-4a44-9b5d-3c3248d0991d", "name": "Expense number 2", "amount": "1002.00"}}, {"model": "budgets.expense", "pk": "883ebfbb-842f-435e-a835-9ebf339329e2", "fields": {"budget": "26224e1a-e22a-420e-82d5-eba46dddc558", "category": "223510a1-28ba-4d57-a040-0a7922bfae4b", "name": "Expense number 2", "amount": "1002.00"}}, {"model": "budgets.expense", "pk": "8ab41406-39fa-4933-b34a-c301773136fe", "fields": {"budget": "00cfdf74-1263-47cd-89b2-b99b50f1947b", "category": "223510a1-28ba-4d57-a040-0a7922bfae4b", "name": "Expense number 2", "amount": "1002.00"}}, {"model": "budgets.expense", "pk": "9028d8e3-f4f3-4502-9430-7d8f42b1e89c", "fields": {"budget": "74e41395-4593-4121-8847-5c6b0f2f35b2", "category": "106ffa8b-4059-487e-8d4f-960ac65822d1", "name": "Expense number 2", "amount": "1002.00"}}, {"model": "budgets.expense", "pk": "94dea8c3-a5a4-499d-a227-66723786b091", "fields": {"budget": "8d8e986c-266a-4bb1-80d3-a2de22e713f4", "category": "223510a1-28ba-4d57-a040-0a7922bfae4b", "name": "Expense number 2", "amount": "1002.00"}}, {"model": "budgets.expense", "pk": "95fb8f33-9317-4794-bb58-5c3fbf9ac3e8", "fields": {"budget": "a1921226-e731-4588-b852-14517a93e159", "category": "223510a1-28ba-4d57-a040-0a7922bfae4b", "name": "Expense number 2", "amount": "1002.00"}}, {"model": "budgets.expense", "pk": "9d92aff5-57d0-49ca-b248-6245eb696f9d", "fields": {"budget": "58da52ad-c72b-4930-8724-c5c1f7d67bd2", "category": "008edaf6-a4ea-4d1f-ac46-ae71090d1a5f", "name": "Fruits", "amount": "100.00"}}, {"model": "budgets.expense", "pk": "a1161f91-4838-4bd2-a706-47ed8f3458b0", "fields": {"budget": "8d44af7b-d114-4419-991a-87f160f4910b", "category": "106ffa8b-4059-487e-8d4f-960ac65822d1", "name": "Expense number 2", "amount": "1002.00"}}, {"model": "budgets.expense", "pk": "a2a793fa-f467-4472-8aa2-d5f0697e8e7d", "fields": {"budget": "4a0fd165-3df7-4a7b-bf4a-5a87d85cf3c1", "category": "223510a1-28ba-4d57-a040-0a7922bfae4b", "name": "Expense number 2", "amount": "1002.00"}}, {"model": "budgets.expense", "pk": "a92dba2d-936e-449c-9fc6-5c88cae500aa", "fields": {"budget": "6ee04bdc-7241-4abb-b638-32c6c0b9c35e", "category": "223510a1-28ba-4d57-a040-0a7922bfae4b", "name": "Expense number 2", "amount": "1002.00"}}, {"model": "budgets.expense", "pk": "ab5cc82f-3071-4d82-bcd4-1a543a92d8b6", "fields": {"budget": "00cfdf74-1263-47cd-89b2-b99b50f1947b", "category": "106ffa8b-4059-487e-8d4f-960ac65822d1", "name": "Expense number 2", "amount": "1002.00"}}, {"model": "budgets.expense", "pk": "ab7478b8-51a1-498a-9c0f-86a727beb944", "fields": {"budget": "58a10fbf-2ec4-4bc6-84dd-1bd54d48b390", "category": "25ca937e-f27f-4017-968c-a2ad773574f7", "name": "Expense number 2", "amount": "1002.00"}}, {"model": "budgets.expense", "pk": "b0d0c2a1-6a3f-46c8-97df-3d82ab63808f", "fields": {"budget": "22e8519f-1800-4f62-a582-53c0c495d2b3", "category": "25ca937e-f27f-4017-968c-a2ad773574f7", "name": "Expense number 2", "amount": "1002.00"}}, {"model": "budgets.expense", "pk": "b9b08cdf-7e68-42f3-be80-5891e10dcc30", "fields": {"budget": "74e41395-4593-4121-8847-5c6b0f2f35b2", "category": "eef844d4-d63a-4a44-9b5d-3c3248d0991d", "name": "Expense number 2", "amount": "1002.00"}}, {"model": "budgets.expense", "pk": "ba9fbbee-3e85-4d98-81f3-244b79df74f5", "fields": {"budget": "4a0fd165-3df7-4a7b-bf4a-5a87d85cf3c1", "category": "25ca937e-f27f-4017-968c-a2ad773574f7", "name": "Expense number 2", "amount": "1002.00"}}, {"model": "budgets.expense", "pk": "c043ada9-48a3-4f44-ab7d-7d90372585ef", "fields": {"budget": "bd9f65ac-2ef9-45b6-8941-7caabc0a884f", "category": "223510a1-28ba-4d57-a040-0a7922bfae4b", "name": "Expense number 2", "amount": "1002.00"}}, {"model": "budgets.expense", "pk": "c1f324b4-43ed-42bd-a324-3b9c94fb369f", "fields": {"budget": "8d8e986c-266a-4bb1-80d3-a2de22e713f4", "category": "eef844d4-d63a-4a44-9b5d-3c3248d0991d", "name": "Expense number 2", "amount": "1002.00"}}, {"model": "budgets.expense", "pk": "e2e30f4d-66f9-4762-827e-6fda2b72b0a7", "fields": {"budget": "bd9f65ac-2ef9-45b6-8941-7caabc0a884f", "category": "106ffa8b-4059-487e-8d4f-960ac65822d1", "name": "Expense number 2", "amount": "1002.00"}}, {"model": "budgets.expense", "pk": "e6eb0ee9-de3e-41c3-adff-745c52256b47", "fields": {"budget": "26224e1a-e22a-420e-82d5-eba46dddc558", "category": "106ffa8b-4059-487e-8d4f-960ac65822d1", "name": "Expense number 2", "amount": "1002.00"}}, {"model": "budgets.expense", "pk": "e6f1aed8-f364-47fb-94e8-b9417485f3bd", "fields": {"budget": "442e4920-fe12-44e2-ab3f-181fa5d38182", "category": "eef844d4-d63a-4a44-9b5d-3c3248d0991d", "name": "Expense number 2", "amount": "1002.00"}}, {"model": "budgets.expense", "pk": "e836acde-81b2-409d-8eaa-c300880246b7", "fields": {"budget": "3d464a03-ab5c-4f7b-89e3-d425a1a56cc6", "category": "eef844d4-d63a-4a44-9b5d-3c3248d0991d", "name": "Expense number 2", "amount": "1002.00"}}, {"model": "budgets.expense", "pk": "e9b3dd16-1e5b-4d75-af37-6212bb23ca4f", "fields": {"budget": "bd9f65ac-2ef9-45b6-8941-7caabc0a884f", "category": "eef844d4-d63a-4a44-9b5d-3c3248d0991d", "name": "Expense number 2", "amount": "1002.00"}}, {"model": "budgets.expense", "pk": "ed908214-6c4f-446f-bea9-650b426b8dff", "fields": {"budget": "6ee04bdc-7241-4abb-b638-32c6c0b9c35e", "category": "106ffa8b-4059-487e-8d4f-960ac65822d1", "name": "Expense number 2", "amount": "1002.00"}}, {"model": "budgets.expense", "pk": "eda38582-9621-4214-972f-fd27ac03dadb", "fields": {"budget": "8d44af7b-d114-4419-991a-87f160f4910b", "category": "223510a1-28ba-4d57-a040-0a7922bfae4b", "name": "Expense number 2", "amount": "1002.00"}}, {"model": "budgets.expense", "pk": "fbaa0c70-06e1-4a9b-be42-84a8d9cb9f78", "fields": {"budget": "26224e1a-e22a-420e-82d5-eba46dddc558", "category": "25ca937e-f27f-4017-968c-a2ad773574f7", "name": "Expense number 2", "amount": "1002.00"}}, {"model": "budgets.income", "pk": "04467d8f-c807-47f6-b1f5-49c94cbb6281", "fields": {"budget": "00cfdf74-1263-47cd-89b2-b99b50f1947b", "name": "Income number 2", "amount": "100.00"}}, {"model": "budgets.income", "pk": "16c61a01-b48a-4528-a649-3c990bdf9fcd", "fields": {"budget": "26224e1a-e22a-420e-82d5-eba46dddc558", "name": "Income number 2", "amount": "100.00"}}, {"model": "budgets.income", "pk": "2a665989-838a-4830-b094-2d8e52012d3e", "fields": {"budget": "00cfdf74-1263-47cd-89b2-b99b50f1947b", "name": "Income number 1", "amount": "100.00"}}, {"model": "budgets.income", "pk": "2dbf7aad-19c2-467f-9c5e-6b209b7cec55", "fields": {"budget": "74e41395-4593-4121-8847-5c6b0f2f35b2", "name": "Income number 0", "amount": "100.00"}}, {"model": "budgets.income", "pk": "31bc8277-09d2-4e34-80a2-5b0072578a88", "fields": {"budget": "5d0f25ac-f9b1-4a9f-a66b-cbe71529c62c", "name": "Dividents", "amount": "40000.00"}}, {"model": "budgets.income", "pk": "31c518fb-31e0-4726-a26a-633cbb9d32e1", "fields": {"budget": "26224e1a-e22a-420e-82d5-eba46dddc558", "name": "Income number 1", "amount": "100.00"}}, {"model": "budgets.income", "pk": "35996889-91b4-4cc6-bfb4-1d1eff6132b5", "fields": {"budget": "bd9f65ac-2ef9-45b6-8941-7caabc0a884f", "name": "Income number 1", "amount": "100.00"}}, {"model": "budgets.income", "pk": "36ca04a1-a127-4b05-8133-50c42bf24299", "fields": {"budget": "4a0fd165-3df7-4a7b-bf4a-5a87d85cf3c1", "name": "Income number 2", "amount": "100.00"}}, {"model": "budgets.income", "pk": "3af65624-64b4-47cb-bef6-9dcbd0664550", "fields": {"budget": "74e41395-4593-4121-8847-5c6b0f2f35b2", "name": "Income number 2", "amount": "100.00"}}, {"model": "budgets.income", "pk": "3ce9ff71-580c-4dc9-bfdc-d04c0da5d660", "fields": {"budget": "acb91861-db99-40b1-8a31-4c413d449c84", "name": "Income number 1", "amount": "100.00"}}, {"model": "budgets.income", "pk": "43ec5757-c04a-4bff-9ff9-42f96631e153", "fields": {"budget": "8d8e986c-266a-4bb1-80d3-a2de22e713f4", "name": "Income number 0", "amount": "100.00"}}, {"model": "budgets.income", "pk": "4596ddd1-3a5d-4fab-9a57-c4c4182f8c29", "fields": {"budget": "26224e1a-e22a-420e-82d5-eba46dddc558", "name": "Income number 0", "amount": "100.00"}}, {"model": "budgets.income", "pk": "4ab71801-5946-4466-9e0b-6487a67b0b4e", "fields": {"budget": "a1921226-e731-4588-b852-14517a93e159", "name": "Income number 1", "amount": "100.00"}}, {"model": "budgets.income", "pk": "4c52e988-5522-4a3e-820b-4f168bf8e412", "fields": {"budget": "acb91861-db99-40b1-8a31-4c413d449c84", "name": "Income number 0", "amount": "100.00"}}, {"model": "budgets.income", "pk": "4cb55b81-837c-489f-81e3-da20073be493", "fields": {"budget": "22e8519f-1800-4f62-a582-53c0c495d2b3", "name": "Income number 0", "amount": "100.00"}}, {"model": "budgets.income", "pk": "513614ae-8649-4b93-a094-cd8520082c77", "fields": {"budget": "acb91861-db99-40b1-8a31-4c413d449c84", "name": "Income number 2", "amount": "100.00"}}, {"model": "budgets.income", "pk": "5231c629-40f7-4a7b-abea-df1efd13a4c9", "fields": {"budget": "58da52ad-c72b-4930-8724-c5c1f7d67bd2", "name": "Salary", "amount": "100000.00"}}, {"model": "budgets.income", "pk": "59bb6a32-275c-4add-9ce0-931309dbe30b", "fields": {"budget": "58a10fbf-2ec4-4bc6-84dd-1bd54d48b390", "name": "Income number 2", "amount": "100.00"}}, {"model": "budgets.income", "pk": "5bb59db5-2a5e-44a5-85ec-55077c71f488", "fields": {"budget": "22e8519f-1800-4f62-a582-53c0c495d2b3", "name": "Income number 1", "amount": "100.00"}}, {"model": "budgets.income", "pk": "6c1a8939-01b9-43f1-a5af-6350e8e5aae7", "fields": {"budget": "e239fee0-5cde-4f0b-b38d-ff193ed544d0", "name": "Salary", "amount": "100000.00"}}, {"model": "budgets.income", "pk": "725c3ec7-b69c-4b92-a33c-95bf768f4abb", "fields": {"budget": "22e8519f-1800-4f62-a582-53c0c495d2b3", "name": "Income number 2", "amount": "100.00"}}, {"model": "budgets.income", "pk": "740eebbb-ca07-4ce5-8663-0d476278c561", "fields": {"budget": "74e41395-4593-4121-8847-5c6b0f2f35b2", "name": "Income number 1", "amount": "100.00"}}, {"model": "budgets.income", "pk": "7bfb0c0b-da12-4200-98ff-dc2dbcd4132a", "fields": {"budget": "a1921226-e731-4588-b852-14517a93e159", "name": "Income number 2", "amount": "100.00"}}, {"model": "budgets.income", "pk": "86c9dde6-d6bd-440a-8a69-ee21736fd777", "fields": {"budget": "6ee04bdc-7241-4abb-b638-32c6c0b9c35e", "name": "Income number 0", "amount": "100.00"}}, {"model": "budgets.income", "pk": "899d5a0b-60e2-4455-b2c6-5e225601dd55", "fields": {"budget": "e239fee0-5cde-4f0b-b38d-ff193ed544d0", "name": "Husband's salary", "amount": "100000.00"}}, {"model": "budgets.income", "pk": "8f81acc7-8437-44f0-9bfc-a0dd524c32f8", "fields": {"budget": "67ae9b02-8257-4014-8f4c-6fcc85dfd2d3", "name": "Income number 2", "amount": "100.00"}}, {"model": "budgets.income", "pk": "94eb816c-e0a4-49f5-8e98-97f249d68ec4", "fields": {"budget": "58a10fbf-2ec4-4bc6-84dd-1bd54d48b390", "name": "Income number 1", "amount": "100.00"}}, {"model": "budgets.income", "pk": "979a6989-b954-4438-a975-498cd40aa16d", "fields": {"budget": "8d44af7b-d114-4419-991a-87f160f4910b", "name": "Income number 0", "amount": "100.00"}}, {"model": "budgets.income", "pk": "a8ebe7eb-a704-4fae-accf-a71cf75a1fc9", "fields": {"budget": "8d44af7b-d114-4419-991a-87f160f4910b", "name": "Income number 2", "amount": "100.00"}}, {"model": "budgets.income", "pk": "bcead1d3-7cd2-4592-9986-cbcd32b8b210", "fields": {"budget": "67ae9b02-8257-4014-8f4c-6fcc85dfd2d3", "name": "Income number 0", "amount": "100.00"}}, {"model": "budgets.income", "pk": "c487cb36-8072-4cbd-bb3f-258438eb4d5c", "fields": {"budget": "bd9f65ac-2ef9-45b6-8941-7caabc0a884f", "name": "Income number 2", "amount": "100.00"}}, {"model": "budgets.income", "pk": "c491bf11-ddc5-421d-9150-2526b2aba8ad", "fields": {"budget": "58a10fbf-2ec4-4bc6-84dd-1bd54d48b390", "name": "Income number 0", "amount": "100.00"}}, {"model": "budgets.income", "pk": "c49342b0-9650-436b-97b1-4155b300f345", "fields": {"budget": "4a0fd165-3df7-4a7b-bf4a-5a87d85cf3c1", "name": "Income number 0", "amount": "100.00"}}, {"model": "budgets.income", "pk": "c58548f1-79c4-4a2e-9722-17957124c864", "fields": {"budget": "5d0f25ac-f9b1-4a9f-a66b-cbe71529c62c", "name": "Salary", "amount": "1000000.00"}}, {"model": "budgets.income", "pk": "c69b3511-8eed-4316-a4cd-87ca3f368e81", "fields": {"budget": "8d8e986c-266a-4bb1-80d3-a2de22e713f4", "name": "Income number 1", "amount": "100.00"}}, {"model": "budgets.income", "pk": "ca794719-b064-462e-8df0-6027ef282534", "fields": {"budget": "bd9f65ac-2ef9-45b6-8941-7caabc0a884f", "name": "Income number 0", "amount": "100.00"}}, {"model": "budgets.income", "pk": "cb99bad5-a3ea-4529-abf5-130e5100d585", "fields": {"budget": "6ee04bdc-7241-4abb-b638-32c6c0b9c35e", "name": "Income number 1", "amount": "100.00"}}, {"model": "budgets.income", "pk": "cc515043-fbc5-4ebb-949b-cb31e39f892d", "fields": {"budget": "442e4920-fe12-44e2-ab3f-181fa5d38182", "name": "Income number 1", "amount": "100.00"}}, {"model": "budgets.income", "pk": "cd39e61f-b26f-4019-b7a8-f97b993111df", "fields": {"budget": "3d464a03-ab5c-4f7b-89e3-d425a1a56cc6", "name": "Income number 1", "amount": "100.00"}}, {"model": "budgets.income", "pk": "d006383a-9d87-4b5d-a2a8-76c11e57edc4", "fields": {"budget": "00cfdf74-1263-47cd-89b2-b99b50f1947b", "name": "Income number 0", "amount": "100.00"}}, {"model": "budgets.income", "pk": "d0c9fa6c-c0c4-49e5-865f-cc536f86600a", "fields": {"budget": "3d464a03-ab5c-4f7b-89e3-d425a1a56cc6", "name": "Income number 0", "amount": "100.00"}}, {"model": "budgets.income", "pk": "d55f2b64-a443-4fb3-bf66-78f84c3a6d7a", "fields": {"budget": "67ae9b02-8257-4014-8f4c-6fcc85dfd2d3", "name": "Income number 1", "amount": "100.00"}}, {"model": "budgets.income", "pk": "d747d8cb-6e4b-4e81-a7f5-5986ca26a55b", "fields": {"budget": "6ee04bdc-7241-4abb-b638-32c6c0b9c35e", "name": "Income number 2", "amount": "100.00"}}, {"model": "budgets.income", "pk": "d81721bf-5276-4fe3-859d-549befa0d62a", "fields": {"budget": "8d44af7b-d114-4419-991a-87f160f4910b", "name": "Income number 1", "amount": "100.00"}}, {"model": "budgets.income", "pk": "e0c3e5ca-2fab-4103-b866-9236ba539e38", "fields": {"budget": "8d8e986c-266a-4bb1-80d3-a2de22e713f4", "name": "Income number 2", "amount": "100.00"}}, {"model": "budgets.income", "pk": "ec264ded-b3ce-4bff-acd1-8376ceab80ed", "fields": {"budget": "3d464a03-ab5c-4f7b-89e3-d425a1a56cc6", "name": "Income number 2", "amount": "100.00"}}, {"model": "budgets.income", "pk": "efbc8580-a969-4bee-bdf0-9160223f701b", "fields": {"budget": "a1921226-e731-4588-b852-14517a93e159", "name": "Income number 0", "amount": "100.00"}}, {"model": "budgets.income", "pk": "f3760f7e-6de4-492a-8710-0e800ca12d88", "fields": {"budget": "4a0fd165-3df7-4a7b-bf4a-5a87d85cf3c1", "name": "Income number 1", "amount": "100.00"}}, {"model": "budgets.income", "pk": "ff6c3158-7eaf-4576-8604-b59a05f1b811", "fields": {"budget": "442e4920-fe12-44e2-ab3f-181fa5d38182", "name": "Income number 0", "amount": "100.00"}}, {"model": "budgets.income", "pk": "ffbab7bc-3021-4de0-9bea-37344bbd89a0", "fields": {"budget": "442e4920-fe12-44e2-ab3f-181fa5d38182", "name": "Income number 2", "amount": "100.00"}}, {"model": "budgets.expensecategory", "pk": "008edaf6-a4ea-4d1f-ac46-ae71090d1a5f", "fields": {"name": "Groceries"}}, {"model": "budgets.expensecategory", "pk": "106ffa8b-4059-487e-8d4f-960ac65822d1", "fields": {"name": "Category number 1"}}, {"model": "budgets.expensecategory", "pk": "223510a1-28ba-4d57-a040-0a7922bfae4b", "fields": {"name": "Category number 3"}}, {"model": "budgets.expensecategory", "pk": "25ca937e-f27f-4017-968c-a2ad773574f7", "fields": {"name": "Category number 2"}}, {"model": "budgets.expensecategory", "pk": "61ee42fb-b36f-454c-ae47-e6b881d879bb", "fields": {"name": "Utilities"}}, {"model": "budgets.expensecategory", "pk": "6857d645-73aa-48e1-a048-e8151575bba7", "fields": {"name": "Travel"}}, {"model": "budgets.expensecategory", "pk": "8ecbb4df-ab95-46d4-9022-1bf9b2f7e68a", "fields": {"name": "Students"}}, {"model": "budgets.expensecategory", "pk": "eef844d4-d63a-4a44-9b5d-3c3248d0991d", "fields": {"name": "Category number 0"}}]